<?xml version="1.0" encoding="UTF-8"?>
<beans xmlns="http://www.springframework.org/schema/beans"
	xmlns:mvc="http://www.springframework.org/schema/mvc"
	xmlns:context="http://www.springframework.org/schema/context"
	xmlns:xsi="http://www.w3.org/2001/XMLSchema-instance"
	xsi:schemaLocation="
        http://www.springframework.org/schema/beans     
        http://www.springframework.org/schema/beans/spring-beans.xsd
        http://www.springframework.org/schema/mvc 
        http://www.springframework.org/schema/mvc/spring-mvc.xsd
        http://www.springframework.org/schema/context 
        http://www.springframework.org/schema/context/spring-context.xsd">

  <bean id="pbattery" class="com.animal.Battery">
     <property name="power" value="2039MH"/>
     <property name="price" value="473"/>
  </bean>		
  
   <bean id="laptopa" class="com.animal.Laptop">
     <property name="name" value="Dell1903"/>
     <property name="color" value="pink"/>
     <property name="price" value="534"/>
     <!-- if a bean reference another bean then use ref keyword -->
     <property name="battery" ref="pbattery"/>
  </bean>	 
        
 </beans>       